start_id,end_id
S_QLU,T_李楠
S_PekingX,T_李楠
S_CUC,T_李楠
S_TsinghuaX,T_吕冀蜀
S_XJTU,T_苗棣
S_TSINGHUA,T_王瑀屏
S_TsinghuaX,T_王瑀屏
S_swpu,T_施太和
S_LUIBE,T_李晓溪
S_ZUEL,T_梅丽霞
S_BNU,T_赵烨
S_SWUFEX,T_扈志明
S_TsinghuaX,T_扈志明
S_HUBU,T_张驰
S_TsinghuaX,T_王守清
S_TsinghuaX,T_祖赫
S_TsinghuaX,T_严清峰
S_TsinghuaX,T_李正风
S_PSFFC,T_赵玲
S_ECUST,T_赵玲
S_HNU,T_谭首彰
S_TsinghuaX,T_谭峭峰
S_TsinghuaX,T_牛丽红
S_JXUST,T_胡春安
S_TsinghuaX,T_王艳丹
S_UESTC,T_陈伟
S_HRBEU,T_陈伟
S_swpu,T_陈伟
S_HEU,T_陈伟
S_CSU,T_闾宏伟
S_ZNDX,T_闾宏伟
S_WUST,T_李欢
S_SCUEC,T_聂荣祺
S_JNU,T_黄峙
S_ZUEL,T_汪海粟
S_TsinghuaX,T_徐喆
S_XJTU,T_杨臻
S_SCUT,T_徐红云
S_TsinghuaX,T_郭美凤
S_BSU,T_吴声远
S_CSU,T_熊炜
S_ZNDX,T_熊炜
S_ZUELX,T_王淑红
S_TsinghuaX,T_燕达
S_TsinghuaX,T_纪家葵
S_LUIBE,T_李云虹
S_NBCC,T_陈丹
S_xuetangX,T_徐明星
S_TSINGHUA,T_徐明星
S_TsinghuaX,T_徐明星
S_PSFFC,T_鞠江月
S_BJTU,T_王元丰
S_JLU,T_王建华
S_SCUEC,T_王建华
S_BNU,T_王建华
S_SCUT,T_刘欣欣
S_TsinghuaX,T_薛涛
S_YAU,T_朱慧
S_TsinghuaX,T_温鹏
S_BerkeleyX,T_Sam Joseph
S_UC_BerkeleyX,T_Sam Joseph
S_UC BerkeleyX,T_Sam Joseph
S_TsinghuaX,T_龚光华
S_BNU,T_蒋重跃
S_SXPI,T_段瑞
S_GZLIS,T_吴欣
S_TsinghuaX,T_关琰
S_XJTU,T_李洋
S_NJU,T_马迎辉
S_YAU,T_赵琳
S_TsinghuaX,T_王喆垚
S_gmc,T_谢汝佳
S_TsinghuaX,T_葛宁
S_ustc,T_孟宁
S_ustcX,T_孟宁
S_SCUEC,T_李涛
S_SCUEC,T_黄婷
S_UC_BerkeleyX,T_Ravi Ramamoorthi
S_UC BerkeleyX,T_Ravi Ramamoorthi
S_gmc,T_张莹莹
S_WellesleyX,T_Adam Van Arsdale
S_LinuxFoundationX,T_杰里•库伯斯坦
S_MicrosoftX,T_宋睿华
S_TsinghuaX,T_张悠慧
S_MITx,T_王文成
S_Stanford,T_王文成
S_MIT,T_王文成
S_PSFFC,T_ 宋瑞明
S_TsinghuaX,T_薛澜
S_GZLIS,T_陈港能
S_PSFFC,T_曾金龙
S_gztrc,T_刘菊芬
S_SJU,T_姚望
S_TsinghuaX,T_陈为蓬
S_UQx,T_Chris Roelfsema
S_gztrc,T_张晓州
S_CIE,T_李明志
S_TsinghuaX,T_李明志
S_TsinghuaX,T_王贵祥
S_TsinghuaX,T_王贵祥
S_qdu,T_徐淑华
S_cqu,T_胥斌
S_CQUX,T_胥斌
S_KMUSTX,T_冯阳
S_BerkeleyX,T_Armando Fox
S_UC_BerkeleyX,T_Armando Fox
S_UC BerkeleyX,T_Armando Fox
S_BFU,T_陈咏梅
S_UQx,T_David Reutens
S_MITx,T_Ana Bell
S_TsinghuaX,T_李兆陇
S_TsinghuaX,T_田民波
S_BFU,T_史玲玲
S_TsinghuaX,T_史静寰
S_CSU,T_李芳
S_FAFU,T_李芳
S_UQx,T_Cath Lovelock
S_TsinghuaX,T_格非
S_CIE,T_徐中
S_TsinghuaX,T_徐中
S_Sunlands,T_徐中
S_haust,T_张茜
S_PSFFC,T_张茜
S_SCU,T_张茹
S_SichuanU,T_张茹
S_GZLIS,T_刘其红
S_TsinghuaX,T_韩敬伟
S_swpu,T_熊友明
S_GZLIS,T_李洪波
S_TsinghuaX,T_李焰
S_TsinghuaX,T_何隽
S_TsinghuaX,T_陈志勇
S_GZLIS,T_张芳
S_GZUCM,T_宋君玲
S_TsinghuaX,T_滕飞
S_AdelaideX,T_David Jeffery
S_HEBUT,T_张明兰
S_CSU,T_秦晓群
S_cqu,T_王达诠
S_ChongqingUX,T_王达诠
S_TsinghuaX,T_ 贾珺
S_HUBU,T_陈培
S_CSMZXY,T_杨飏
S_TsinghuaX,T_吕华芳
S_SXPI,T_孟娇娇
S_SPI,T_孟娇娇
S_SichuanU,T_马咏梅
S_KMUSTX,T_何红云
S_TsinghuaX,T_崔国斌
S_TsinghuaX,T_张海涛
S_xuetangX,T_袁涤非
S_BNU,T_徐琳瑜
S_xuetangX,T_李媛媛
S_KMUSTX,T_李媛媛
S_BNU,T_赵歌
S_xuetangX,T_肖鹰
S_TsinghuaX,T_肖鹰
S_PSFFC,T_任志明
S_XMU,T_沈曲
S_SXPI,T_田建平
S_TSINGHUA,T_曾晓牧
S_TsinghuaX,T_曾晓牧
S_HEBUT,T_戎贤
S_TsinghuaX,T_李玲
S_HUBU,T_李玲
S_SXPI,T_李玲
S_TsinghuaX,T_董颖
S_NBCC,T_颜晨阳
S_TsinghuaX,T_韩志峰
S_TSINGHUA,T_朱英姿
S_TsinghuaX,T_朱英姿
S_TsinghuaX,T_谢兰
S_cqu,T_文国治
S_ChongqingUX,T_文国治
S_TsinghuaX,T_熊剑平
S_CSU,T_徐美华
S_WUT,T_李琳
S_BLCUX,T_李琳
S_HUBU,T_李琼
S_SDSNAssociation,T_Jack Shonkoff
S_xuetangX,T_宁德煌
S_KMUSTX,T_宁德煌
S_SXPI,T_侯伟
S_SPI,T_侯伟
S_HIT,T_关涛
S_JNU,T_宋耀红
S_AdelaideX,T_Paul Grbin
S_chzu,T_陈桂林
S_BNU,T_刘仁志
S_TsinghuaX,T_裘莹
S_PekingX,T_李晓明
S_TsinghuaX,T_李冬梅
S_CMU,T_闾军
S_TsinghuaX,T_倪广恒
S_RiceX,T_Bernard Freeman
S_TsinghuaX,T_吕禾
S_TsinghuaX,T_谢德军
S_HIT,T_陶永纯
S_XJTU,T_任徽
S_JNUX,T_李小凤
S_TsinghuaX,T_尉京志
S_CUPB,T_马春爱
S_MIL,T_唐晓轲
S_CUC,T_吴奕萱
S_NBCCx,T_邱立珍
S_GZHU,T_崔红丽
S_TsinghuaX,T_郑尚元
S_KMUSTX,T_李晓然
S_MITx,T_Bill Aulet
S_MIT,T_Bill Aulet
S_BNU,T_周少川
S_swpu,T_李皋
S_TsinghuaX,T_吴烨
S_TsinghuaX,T_李睦
S_UESTC,T_张凤荔
S_NEU,T_刘晓鹏
S_CIE,T_陈劲
S_TsinghuaX,T_陈劲
S_xuetangX,T_沈拓
S_CIE,T_沈拓
S_TsinghuaX,T_沈拓
S_TsinghuaX,T_晁爽
S_CIE,T_田涛
S_TsinghuaX,T_杨晓路
S_TsinghuaX,T_戴俊彪
S_HEBNU,T_刘波粒
S_SPI,T_王聪慧
S_SXPI,T_王聪慧
S_PSFFC,T_杜明辉
S_GZLIS,T_刘士伟
S_SCUT,T_肖南峰
S_TsinghuaX,T_王晨光
S_WUT,T_姚善良
S_HNU,T_何人可
S_TsinghuaX,T_张  佐
S_XJTU,T_燕连福
S_TsinghuaX,T_王昭诚
S_TsinghuaX,T_李水清
S_ysu,T_董志奎
S_TsinghuaX,T_陈峰
S_HUBU,T_唐筱
S_TsinghuaX,T_柯羿恩
S_nxu,T_李雅楠
S_UST,T_俞海英
S_XJTU,T_李科
S_KMUSTX,T_李科
S_gmc,T_孙兰
S_TsinghuaX,T_宋伯根
S_TsinghuaX,T_李秀
S_TsinghuaX,T_刘瑛岩
S_TsinghuaX,T_雷  毅
S_TsinghuaX,T_张建红
S_XJTU,T_赵珊梅
S_SCUEC,T_陈一
S_BNU,T_屈国峰
S_TsinghuaX,T_华瑞茂
S_UQx,T_Gail Durbridge
S_KMUSTX,T_李桂丽
S_xuetangX,T_冯务中
S_TsinghuaX,T_冯务中
S_CIE,T_李竹
S_TsinghuaX,T_李竹
S_MITx,T_Eric Grimson
S_SPI,T_殷忠玲
S_SXPI,T_殷忠玲
S_SXPI,T_方维奇
S_SPI,T_方维奇
S_PSFFC,T_范茂魁
S_TsinghuaX,T_连小珉
S_TJU,T_张德顺
S_TsinghuaX,T_王红
S_KMMC,T_王红
S_KMUSTX,T_闫锋
S_BIFT,T_于莉
S_PSFFC,T_何海星
S_BUCM,T_陈薇
S_TsinghuaX,T_靳卫萍
S_xauat,T_张博
S_SCUT,T_张博
S_BNU,T_张卓
S_GDUFE,T_张华
S_HIT,T_张华
S_TsinghuaX,T_黄霞
S_nxu,T_佟建荣
S_XJTU,T_石璞玉
S_TsinghuaX,T_王建龙
S_BNU,T_卢中铭
S_BFU,T_卢中铭
S_TsinghuaX,T_贾玺增
S_TsinghuaX,T_耿华
S_CSU,T_王翔
S_GZLIS,T_黄文均
S_LZU,T_刘金荣
S_sict,T_贾连芹
S_gmc,T_巩仔鹏
S_BNU,T_韩青
S_XJAU,T_张太红
S_HAUT,T_郭书玲
S_LUIBE,T_王云峰
S_TsinghuaX,T_熊智华
S_sict,T_闫青
S_SCUT,T_张凌
S_cqu,T_陈朝晖
S_ChongqingUX,T_陈朝晖
S_ZZU,T_孙新成
S_ZZUX,T_孙新成
S_gztrc,T_杨明胜
S_JNU,T_黄柏炎
S_BNU,T_朱志平
S_TsinghuaX,T_刘秀成
S_HRBEU,T_张冬
S_PSFFC,T_朱显伟
S_LUIBE,T_翟永宏
S_PSFFC,T_李志红
S_SXPI,T_张光
S_XJTU,T_张兰
S_LUIBE,T_聂晓琳
S_CWU,T_汪连新
S_TsinghuaX,T_刘晗
S_XJTU,T_梁军艳
S_NUDT,T_刘晶
S_swpu,T_郭小阳
S_BNU,T_李香莲
S_YAU,T_刘伯锋
S_ZUELX,T_邓汉慧
S_TsinghuaX,T_姚文辉
S_IMUN,T_张小侠
S_CCI,T_吴轶喆
S_TsinghuaX,T_曾鸣
S_CSMZXY,T_潘旺众
S_BLCUX,T_张倩
S_gmc,T_张倩
S_TsinghuaX,T_张倩
S_NJU,T_胡星铭
S_cqu,T_陈新龙
S_SCUEC,T_鞠平
S_HLJUX,T_刘冬颖
S_HLJU,T_刘冬颖
S_CSU,T_唐海波
S_TsinghuaX,T_姚可夫
S_nxu,T_徐金瑞
S_MIL,T_朱世宏
S_GIT,T_张均
S_KMUSTX,T_李佳鸿
S_TsinghuaX,T_刘爱明
S_NGO20X,T_周峰
S_GZLIS,T_皮阳雪
S_PSFFC,T_董淼
S_JinanX,T_喻江
S_gmc,T_陆德琴
S_dlmu,T_谢海波
S_NUDT,T_郭滕达
S_BSU,T_李小芬
S_HUBU,T_杨俊
S_SCUEC,T_袁琳
S_ZJUX,T_徐向阳
S_FZXY,T_于汐
S_xuetangX,T_冯峰
S_TsinghuaX,T_冯峰
S_zjfc,T_孙建文
S_ZAFU,T_孙建文
S_CCI,T_葛均波
S_ZJFF,T_毛金定
S_RUCX,T_于泽
S_MicrosoftX,T_郑宇
S_BIT,T_高玉金
S_SWUFEX,T_王磊
S_BLCUX,T_王磊
S_gmc,T_王磊
S_zjfc,T_王磊
S_ZAFU,T_王磊
S_SCUEC,T_王磊
S_AFEU,T_王磊
S_WUST,T_王磊
S_TsinghuaX,T_刘泽文
S_KMUSTX,T_李杰晶
S_gztrc,T_梁成艾
S_GZLIS,T_庞惠文
S_TsinghuaX,T_蔡文鹏
S_TsinghuaX,T_麻远
S_GZUCM,T_叶清
S_JNU,T_于 沛
S_UQx,T_Hugh Possingham
S_JNUX,T_干红梅
S_LUIBE,T_曾云燕
S_swpu,T_张兴国
S_xuetangX,T_刘晓丽
S_TsinghuaX,T_刘晓丽
S_KMUSTX,T_王禹
S_BJUT,T_杜金莲
S_SCUT,T_李卫宁
S_WUT,T_张蕊
S_YLVTC,T_冯帆
S_HUBU,T_郭志文
S_gmc,T_陈艺
S_NBCC,T_方玫
S_SXPI,T_元媛
S_LUIBE,T_马立丽
S_TsinghuaX,T_章程
S_xuetangX,T_金蕾莅
S_TsinghuaX,T_金蕾莅
S_SXPI,T_赵瑞林
S_SPI,T_赵瑞林
S_TsinghuaX,T_卢滇楠
S_TsinghuaX,T_张宇
S_PSFFC,T_刘洋
S_sxyyc,T_刘洋
S_WUST,T_贺尊
S_LUIBE,T_冯凯
S_TsinghuaX,T_John Olbrich
S_NUDT,T_杨克巍
S_TsinghuaX,T_肖业祥
S_TsinghuaX,T_那洁
S_TsinghuaX,T_冯莉莉
S_cqu,T_何伟
S_RiceX,T_Shari Carswell
S_UQx,T_Blake McKimmie
S_PekingX,T_路潜
S_BNU,T_祖莉莉
S_gztrc,T_陈书蓝
S_BNU,T_李春辉
S_TsinghuaX,T_夏勇
S_TsinghuaX,T_徐静
S_GZLIS,T_高巧侠
S_TsinghuaX,T_李曼丽
S_MicrosoftX,T_刘世霞
S_cqu,T_黎雅莲
S_CQUX,T_黎雅莲
S_YAU,T_王璐
S_BNU,T_徐梦婕
S_TsinghuaX,T_张新庆
S_CIE,T_雷霖
S_TsinghuaX,T_雷霖
S_Sunlands,T_雷霖
S_CSU,T_刘志刚
S_TsinghuaX,T_朱张校
S_NBCC,T_郑哲
S_TsinghuaX,T_何海波
S_BSU,T_祁兵
S_NDU,T_孟庆全
S_QLU,T_王琦
S_TsinghuaX,T_杜祥琬
S_TsinghuaX,T_林森
S_UST,T_李兴德
S_UQx,T_Jason Tangen
S_SXPI,T_孙菲
S_LUIBE,T_刘志友
S_SCU,T_周成
S_SichuanU,T_周成
S_TsinghuaX,T_周怀春
S_TSINGHUA,T_研究生院
S_TsinghuaX,T_研究生院
S_TsinghuaX,T_鲁碧珍
S_swpu,T_马天寿
S_TsinghuaX,T_赵劲松
S_CSU,T_胡长平
S_PSFFC,T_邵薇
S_GZHU,T_邵薇
S_AdelaideX,T_Cassandra Collins
S_XMU,T_陈舜妹
S_KMUSTX,T_罗胜杰
S_SCUEC,T_杨文娇
S_PSFFC,T_黄东方
S_SXPI,T_刘楠
S_GZHU,T_吴九占
S_YIT,T_韩海花
S_TsinghuaX,T_李世新
S_SCUT,T_杜广龙
S_TsinghuaX,T_黄振宇
S_zjfc,T_鲁银梭
S_ZAFU,T_鲁银梭
S_TsinghuaX,T_陆文娟
S_SXPI,T_张晓鸿
S_CUPB,T_韩国庆
S_CMU,T_张彤
S_LUIBE,T_洪岩
S_PSFFC,T_张强
S_CSU,T_张弢
S_CUPB,T_王珮
S_PSFFC,T_周会会
S_HIT,T_王珂
S_BNU,T_金建君
S_PSFFC,T_郭斌
S_TsinghuaX,T_翟季冬
S_ysu,T_郭长虹
S_TsinghuaX,T_罗燕
S_SCUT,T_张平
S_TJUFE,T_张平
S_JNU,T_章群
S_RiceX,T_Kara Burrous
S_MIL,T_张红锋
S_CIE,T_张帏
S_MITx,T_张帏
S_TsinghuaX,T_张帏
S_Sunlands,T_张帏
S_GYCTCM,T_张帆
S_gmc,T_张帆
S_BIT,T_李凤霞
S_PSFFC,T_周云鹏
S_SCUT,T_许卓佳
S_WUST,T_贺嘉贝
S_TsinghuaX,T_刘新传
S_FUDANx,T_卢华
S_TsinghuaX,T_杨大文
S_TsinghuaX,T_宋文娟
S_TSINGHUA,T_吴冠豪
S_TsinghuaX,T_吴冠豪
S_BNU,T_陈智超
S_NBCC,T_刘毅
S_TsinghuaX,T_赵昱鲲
S_imvtc,T_王红霞
S_GZLIS,T_赵玉兵
S_TsinghuaX,T_郝景芳
S_HUBU,T_Verena
S_CIE,T_邱昭良
S_CUC,T_付龙
S_TsinghuaX,T_张希良
S_gztrc,T_王燕
S_NBCC,T_王银海
S_NDU,T_孙旭
S_UIR,T_杨建英
S_BNU,T_王熙
S_HUBU,T_郑克玉
S_NDU,T_黄祖海
S_TsinghuaX,T_丛振涛
S_HEBUT,T_袁金丽
S_cqu,T_刘畅
S_HEBUT,T_刘畅
S_ChongqingUX,T_刘畅
S_TsinghuaX,T_刘畅
S_TsinghuaX,T_刘畅
S_BNU,T_印波
S_SCU,T_薛新华
S_SichuanU,T_薛新华
S_CSU,T_童建斌
S_ZNDX,T_童建斌
S_PSFFC,T_郝常华
S_SDSNAssociation,T_Johan Rockström
S_TsinghuaX,T_叶朝辉
S_TsinghuaX,T_赵丽珠
S_PSFFC,T_唐虎潇
S_NEU,T_杨婷
S_gmc,T_杨婷
S_KMUSTX,T_杨婷
S_TsinghuaX,T_曹峰
S_BUCM,T_郝玉芳
S_xuetangX,T_刘瑜
S_TsinghuaX,T_刘瑜
S_HAUT,T_袁金伟
S_XJTU,T_刘瑾
S_GZLIS,T_孔真
S_XJTU,T_庞亚梅
S_BNU,T_陈亦水
S_gmc,T_杨元勇
S_UQx,T_Barbara Masser
S_TsinghuaX,T_李岩松
S_JinanX,T_蔡丽
S_JNUX,T_蔡丽
S_TsinghuaX,T_刘璘
S_gztrc,T_樊丽娟
S_qhnu,T_仁欠扎西
S_TsinghuaX,T_林波荣
S_MIL,T_张立仁
S_TsinghuaX,T_王波
S_gztrc,T_代静亚
S_cqu,T_陈名弟
S_ChongqingUX,T_陈名弟
S_TsinghuaX,T_袁本涛
S_HUBU,T_苟晓姣
S_TsinghuaX,T_谢旭东
S_SCUT,T_张见威
S_HEBUT,T_张顺心
S_TSINGHUA,T_高飞飞
S_TsinghuaX,T_高飞飞
S_TsinghuaX,T_闻立杰
S_HEBUT,T_张健新
S_FAFU,T_陈红霞
S_JNU,T_许华
S_SXPI,T_Chris Terman
S_MITx,T_Chris Terman
S_JNU,T_徐立朋
S_qdu,T_王涛
S_XJTU,T_郑维博
S_HIT,T_张     伟
S_GZLIS,T_冀俊杰
S_YLVTC,T_王洋
S_HUBU,T_熊芳华
S_CSU,T_肖奎
S_ZNDX,T_肖奎
S_BTBU,T_田翛然
S_NJU,T_陈昌凯
S_ZJFF,T_徐美萍
S_XJTU,T_问鸿滨
S_FUDANx,T_冯剑亮
S_nxu,T_张亚红
S_XIYOU,T_黄茹
S_XJTU,T_何华
S_CSU,T_刘泽灏
S_BIT,T_刘兆龙
S_TsinghuaX,T_丛杭青
S_HUBU,T_史文文
S_HUBU,T_化聪超
S_xuetangX,T_邓俊辉
S_TSINGHUA,T_邓俊辉
S_教育部在线教育研究中心,T_邓俊辉
S_rcoe,T_邓俊辉
S_TsinghuaXTsinghuaX,T_邓俊辉
S_TsinghuaX,T_邓俊辉
S_TsinghuaX,T_王毅
S_SXPI,T_吕海侠
S_PSFFC,T_王媛原
S_TW,T_江丰光
S_TsinghuaX,T_谢维和
S_CSU,T_孔玮
S_TsinghuaX,T_程源
S_KMUSTX,T_程源
S_TsinghuaX,T_丁夏
S_MITx,T_Ela Ben-Ur
S_LUIBE,T_谷晓
S_UESTC,T_陈安龙
S_HUBU,T_彭菊红
S_HBUX,T_彭菊红
S_ustc,T_宣本金
S_TsinghuaX,T_吴如宏
S_UESTC,T_杨峰
S_HIT,T_冯伟
S_YIT,T_李丽芬
S_QHU,T_梁玉金
S_BNU,T_伏学凤
S_HNU,T_吴增礼
S_TsinghuaX,T_王栋
S_HIT,T_刘志书
S_GZLIS,T_解润
S_PSFFC,T_李振青
S_swpu,T_袁骐骥
S_PasteurX,T_Brigitte Gicquel
S_JXUST,T_侯春菊
S_xuetangX,T_袁春
S_sztsinghua,T_袁春
S_TsinghuaX,T_袁春
S_sict,T_曲文尧
S_TsinghuaX,T_杨祎罡
S_JinanX,T_郭熙
S_TsinghuaX,T_全成斌
S_BIT,T_吴晓丽
S_SHZU,T_刘政江
S_chzu,T_胡晓静
S_TsinghuaX,T_章纪民
S_TSINGHUA,T_曾理江
S_TsinghuaX,T_曾理江
S_HUST,T_郭炜
S_ZJFF,T_王海颖
S_gmc,T_杨勤
S_PSFFC,T_李莹滢
S_TsinghuaX,T_王智
S_gmc,T_董永喜
S_GZLIS,T_刘海燕
S_RiceX,T_Kirsten Ostherr
S_ustc,T_郭燕
S_TsinghuaX,T_Jason Driskill
S_XJTU,T_何康
S_HUBU,T_杨双
S_BIT,T_赵三元
S_NDU,T_杜文龙
S_xuetangX,T_王来
S_KMUSTX,T_王来
S_ysu,T_田瑞玲
S_gztrc,T_高雪春
S_GDRTVU,T_王杰
S_BNU,T_王杰
S_MIT_SLT_Lab,T_康宇雄
S_BNU,T_田光进
S_CUNY,T_纪平
S_PSFFC,T_杨文俊
S_LUIBE,T_金洪源
S_TsinghuaX,T_黄维通
S_TsinghuaX,T_刘洪玉
S_TsinghuaX,T_刘洪玉
S_CMU,T_郑素军
S_BNU,T_赵彦伟
S_zjfc,T_张群祥
S_ZAFU,T_张群祥
S_BFU,T_崔信淑
S_TsinghuaX,T_谢莉萍
S_nxu,T_李茹一
S_McGillX,T_Dr. Joe Schwarcz
S_HNU,T_刘莉萍
S_TsinghuaX,T_王旭
S_TsinghuaX,T_李艳梅
S_TsinghuaX,T_江亿
S_TsinghuaX,T_陈默
S_CIE,T_查理·佩勒林
S_ysu,T_李兴东
S_TsinghuaX,T_赖柳明
S_KMUSTX,T_杨凯
S_SichuanU,T_黄彦辉
S_TsinghuaX,T_程建钢
S_SCUT,T_高文华
S_SPI,T_高文华
S_SXPI,T_高文华
S_KMUSTX,T_罗义勇
S_CSU,T_李杏莉
S_XJTU,T_王敏
S_LUIBE,T_孙文选
S_HEBNU,T_齐耀辉
S_GXUST,T_徐奕奕
S_CSU,T_黄碧云
S_ZNDX,T_黄碧云
S_HEBUT,T_孙立伟
S_XJTU,T_谷冬华
S_BIFT,T_郭瑞良
S_UST,T_徐海斌
S_KMUSTX,T_潘卉
S_GZHU,T_石若坤
S_KMUSTX,T_颜芳
S_XJTU,T_司薇杭
S_TsinghuaX,T_吕中舌
S_TsinghuaX,T_华成英
S_TsinghuaX,T_张欢瑞
S_cqu,T_荣腾中
S_CQUX,T_荣腾中
S_BerkeleyX,T_David Patterson
S_UC_BerkeleyX,T_David Patterson
S_UC BerkeleyX,T_David Patterson
S_LUIBE,T_王冬梅
S_BJWLXY,T_王冬梅
S_ysu,T_宋剑锋
S_TsinghuaX,T_刘宝霞
S_TSINGHUA,T_韩丽风
S_TsinghuaX,T_韩丽风
S_GZLIS,T_周喜焕
S_FAFU,T_周东辉
S_CSU,T_曾赵军
S_ZNDX,T_曾赵军
S_MITx,T_Arawana Hayashi
S_ZUEL,T_伍萍
S_BNU,T_陈颖
S_gztrc,T_田印红
S_xuetangX,T_孙葆洁
S_BSU,T_孙葆洁
S_TsinghuaX,T_孙葆洁
S_TsinghuaX,T_张建民
S_JLU,T_谢飞
S_SXPI,T_马睿
S_CMU,T_郭彩萍
S_TsinghuaX,T_王菁兰
S_NEU,T_齐轩
S_ZJFF,T_仵志浩
S_TsinghuaX,T_段志蓉
S_nxu,T_于光建
S_TsinghuaX,T_梅萌
S_WUT,T_吕杰锋
S_BNU,T_唐东辉
S_TsinghuaX,T_张丙印
S_xuetangX,T_马琳
S_BJWLXY,T_马琳
S_KMUSTX,T_马琳
S_TsinghuaX,T_罗昊
S_TsinghuaX,T_许婧文
S_HUBU,T_刘亚奇
S_TsinghuaX,T_程方
S_KMUSTX,T_章历声
S_XJTU,T_张雯
S_LUIBE,T_张雯
S_ysu,T_董永刚
S_HUBU,T_张雪
S_LUIBE,T_蓝星
S_XJTU,T_朱春晖
S_BerkeleyX,T_徐葳
S_UC_BerkeleyX,T_徐葳
S_UC BerkeleyX,T_徐葳
S_TsinghuaX,T_徐葳
S_CMU,T_牟丹蕾
S_BNU,T_陈新萌
S_TsinghuaX,T_李星幻
S_TSINGHUA,T_白峰杉
S_TsinghuaX,T_白峰杉
S_XJTU,T_卓颖
S_NU,T_吴海娜
S_HEBUT,T_张建军
S_KMUSTX,T_阮淑俊
S_JXUST,T_苏未安
S_UC_BerkeleyX,T_Maggie Sokolik
S_UC BerkeleyX,T_Maggie Sokolik
S_PSFFC,T_袁凯
S_BIT,T_陈宇峰
S_GZLIS,T_边龙龙
S_HBPU,T_程细才
S_TsinghuaX,T_邓海峰
S_CUPB,T_牟建业
S_TsinghuaX,T_王丽方
S_XJTU,T_徐四龙
S_HUBU,T_杨维明
S_HBUX,T_杨维明
S_MicrosoftX,T_谢幸
S_TsinghuaX,T_陈康
S_TsinghuaX,T_马洪兵
S_gmc,T_丁菁
S_swpu,T_陈平
S_gmc,T_赵永龙
S_NEU,T_边立君
S_TsinghuaX,T_任芳丽
S_edX,T_Jeff Jorge
S_TsinghuaX,T_王生进
S_IMUN,T_田明
S_JNUX,T_田明
S_BIT,T_繆劲松
S_TsinghuaX,T_王  前
S_FJNU,T_江剑平
S_GZHU,T_胡宜安
S_PSFFC,T_杨雁
S_TsinghuaX,T_贾西津
S_BIT,T_冯艳全
S_swpu,T_汤明
S_rcoe,T_吴永和
S_SCUT,T_李粤
S_NIU,T_陈复
S_NCTU,T_陈复
S_PSFFC,T_王万通
S_CIE,T_兰刚
S_qhnu,T_彭措扎西
S_HUBU,T_卢进登
S_HUBU,T_石金毅
S_CSU,T_韩慧莉
S_TsinghuaX,T_任大海
S_HNU,T_尹世尤
S_HEBUT,T_郭志涛
S_PSFFC,T_刘彬
S_CSU,T_黄志军
S_XJTU,T_孙忠民
S_PSFFC,T_张成立
S_TsinghuaX,T_董晨
S_FUDANx,T_蒋祥林
S_imvtc,T_甄小丽
S_xuetangX,T_郑莉
S_rcoe,T_郑莉
S_TsinghuaX,T_郑莉
S_HEU,T_郑莉
S_cqu,T_黄智勇
S_GZLIS,T_张跃
S_BNU,T_瞿林东
S_SCUEC,T_赵冬梅
S_SXPI,T_张超
S_nix,T_张超
S_SPI,T_张超
S_CHD,T_张超
S_KMUSTX,T_张超
S_TsinghuaX,T_梁伟
S_NJU,T_孟振华
S_KMUSTX,T_申林方
S_XJTU,T_张赟
S_HNU,T_刘强
S_TsinghuaX,T_刘强
S_dlmu,T_刘强
S_TsinghuaX,T_李开孟
S_XJTU,T_李红
S_BNU,T_李红
S_TsinghuaX,T_孙玉敏
S_TsinghuaX,T_李铁民
S_JNU,T_戴霞
S_HAUT,T_游利琴
S_GDUT,T_梁为
S_XJTU,T_孙天祥
S_FJTCM,T_王鹏
S_XJTU,T_唐玉海
S_BFU,T_范舒欣
S_XAAU,T_文杰
S_dlmu,T_何庆华
S_TsinghuaX,T_杨锦
S_BNU,T_宋陆陆
S_WUT,T_李翔
S_ECUST,T_李翔
S_WHUT,T_李翔
S_UST,T_魏涛
S_GZLIS,T_仵红
S_CSU,T_李新华
S_UQx,T_Karine Mardon
S_BNU,T_谭宏伟
S_CUPB,T_李静静
S_CUP,T_李静静
S_imvtc,T_冯晟博
S_BNU,T_裴元生
S_edX,T_Emily Watson
S_CUC,T_顾洁
S_CSMZXY,T_张平芳
S_xuetangX,T_宫崎泉
S_TsinghuaX,T_宫崎泉
S_PSFFC,T_董宁
S_zjfc,T_张海彬
S_ZAFU,T_张海彬
S_TsinghuaX,T_张留碗
S_BNU,T_李春晖
S_TsinghuaX,T_周青
S_KMUSTX,T_刘云霞
S_chzu,T_于春燕
S_BUCM,T_费宇彤
S_LUIBE,T_史迎霞
S_ysu,T_赵炳利
S_GZLIS,T_郭步春
S_imvtc,T_孙武斌
S_TsinghuaX,T_成晔
S_cr,T_成晔
S_BIT,T_胡海云
S_WUT,T_黄雪飞
S_WHUT,T_黄雪飞
S_KMUSTX,T_李虹江
S_TsinghuaX,T_左剑恶
S_BIT,T_王一拙
S_FAFU,T_詹鋆
S_TsinghuaX,T_许其清
S_BNU,T_黄元河
S_CHD,T_张久鹏
S_KMUSTX,T_侯丽梅
S_PSFFC,T_葛巍巍
S_ncepu,T_韩璞
S_FJTCM,T_陈林
S_TsinghuaX,T_陈来
S_ysu,T_张树存
S_PSFFC,T_陈松
S_gmc,T_王圆圆
S_TsinghuaX,T_立花亮
S_xuetangX,T_温庆博
S_TsinghuaX,T_温庆博
S_CSU,T_曹清燕
S_TsinghuaX,T_陈曦
S_SCUT,T_陈曦
S_TIJMU,T_陈曦
S_FZXY,T_孙珍军
S_HBPU,T_谢晋
S_SCUEC,T_王水珍
S_JXUST,T_罗会兰
S_TsinghuaX,T_邵洋
S_ZJUX,T_朱亮
S_TsinghuaX,T_金富军
S_TsinghuaX,T_成昌梅
S_WUST,T_张云川
S_BSU,T_曹建民
S_SHZU,T_赵娜
S_TsinghuaX,T_姚瑞霞
S_SXPI,T_赵娇
S_TsinghuaX,T_罗贵明
S_CSU,T_陈晖
S_PekingX,T_向若兰
S_FDU,T_徐明东
S_FUDANx,T_徐明东
S_ICx,T_Laura Zuheros
S_LUIBE,T_徐晓颖
S_PSFFC,T_陈亚雄
S_TsinghuaX,T_吴念乐
S_MIL,T_张胜江
S_PSFFC,T_刘臻
S_HNU,T_赵冬初
S_TsinghuaX,T_刘平川
S_TsinghuaX,T_段玉生
S_TsinghuaX,T_马辉
S_TsinghuaX,T_清花道
S_FDU,T_田素华
S_FUDANx,T_田素华
S_TsinghuaX,T_张文霞
S_BUCM,T_苏春香
S_TsinghuaX,T_清华大学自动化系控制课组
S_XJTU,T_陈悦
S_XJTU,T_王丽娟
S_TsinghuaX,T_梁琰
S_UQx,T_Pete Mumby
S_XJTU,T_徐宇春
S_Stanford,T_Anne Firth Murray
S_KMUSTX,T_赵万哲
S_SXPI,T_傅霞
S_HNU,T_汪皎英
S_UQx,T_Matthew Thompson
S_SPI,T_段峻
S_SXPI,T_段峻
S_TsinghuaX,T_陈怡
S_HIT,T_孙洁
S_SCUEC,T_黄先菊
S_CMU,T_张永宏
S_TsinghuaX,T_王山鹰
S_TsinghuaX,T_盛希泰
S_swpu,T_石祥超
S_DelftX,T_Arno Smets
S_XJTU,T_许昭
S_cqu,T_胡国庆
S_CUPB,T_王飞
S_CDUTCM,T_王飞
S_CSU,T_胡德华
S_ZNDX,T_胡德华
S_TSINGHUA,T_刘茜
S_CSU,T_刘茜
S_edX,T_James Donald
S_HUBU,T_李树屏
S_TsinghuaX,T_宋健
S_GZLIS,T_常玉艳
S_PPSUC,T_王大伟
S_SCUEC,T_魏晓燕
S_TsinghuaX,T_吴热冰
S_TsinghuaX,T_刘雷波
S_BFU,T_郝培尧
S_BFU,T_马超
S_HUBU,T_洪长清
S_TsinghuaX,T_刘艳
S_TsinghuaX,T_王大亮
S_TsinghuaX,T_王孙禺
S_heec,T_王孙禺
S_PSFFC,T_唐朝纲
S_BNU,T_宋湘勤
S_PSFFC,T_陶昆
S_UIR,T_毕雁英
S_XIYOU,T_王曙燕
S_SPI,T_杨宝兰
S_SXPI,T_杨宝兰
S_GZHU,T_张雪娇
S_HEBUT,T_刘宇红
S_QLU,T_刘芳
S_gmc,T_李林珍
S_XJTU,T_刘芸
S_LUIBE,T_鲍彩莲
S_TsinghuaX,T_王雪
S_CUPB,T_王雷
S_ysu,T_赵冰
S_WUT,T_黄群
S_XJTU,T_何正文
S_TsinghuaX,T_黄翊东
S_imvtc,T_斯琴娜
S_BNU,T_杨兆春
S_TsinghuaX,T_吴亮
S_NBCC,T_陈波
S_Sunlands,T_周光友
S_FUDANx,T_周光友
S_KMUSTX,T_邓仪昊
S_TSINGHUA,T_钟周
S_TsinghuaX,T_钟周
S_SJU,T_黎业飞
S_McGillX,T_John Gyakum
S_TsinghuaX,T_瞿燕辉
S_BNU,T_周星
S_swpu,T_石晓兵
S_NEU,T_王青
S_TsinghuaX,T_王青
S_KMUSTX,T_孙慧
S_HUBU,T_王靖
S_XJTU,T_王静
S_TsinghuaX,T_王非
S_BFU,T_薛晓飞
S_GDUT,T_王勇杰
S_TsinghuaX,T_吴俊
S_swpu,T_付建红
S_swpu,T_尹虎
S_TsinghuaX,T_安宇
S_gztrc,T_王霞
S_CityU,T_孙洪义
S_IMUN,T_花兴
S_PSFFC,T_范红俊
S_SCUT,T_刘小兰
S_HNU,T_刘近
S_ZZU,T_徐春华
S_xuetang,T_徐春华
S_TsinghuaX,T_何春兴
S_NEU,T_郭迪
S_KMUSTX,T_彭玮
S_TsinghuaX,T_钱鹤
S_YAU,T_景富春
S_TsinghuaX,T_康迎
S_JXUST,T_井福荣
S_CUPB,T_张红玲
S_BNU,T_刘红云
S_JNU,T_单璐琛
S_WUT,T_汤军
S_WHUT,T_汤军
S_HIT,T_ 王冰玉
S_CUPB,T_田树宝
S_BNU,T_郝晓冉
S_XJTU,T_靳菊情
S_TsinghuaX,T_田凌
S_HAUT,T_王 刚
S_KMUSTX,T_王德燕
S_YLVTC,T_王锋
S_NEU,T_孙挺
S_TsinghuaX,T_陈渝
S_TsinghuaX,T_赵喆
S_CityU,T_黄婉铃
S_JNU,T_程静
S_TsinghuaX,T_朱颖心
S_TsinghuaX,T_陈楠
S_HUBU,T_刘少波
S_TsinghuaX,T_唐仙
S_KMUSTX,T_赵志敏
S_YAU,T_郭萍
S_BFU,T_尹豪
S_BFU,T_段克勤
S_HUBU,T_陶江
S_CIE,T_马成功
S_TsinghuaX,T_马成功
S_Sunlands,T_马成功
S_XJTU,T_向丹
S_CSU,T_伍勇
S_MITx,T_John Guttag
S_BFU,T_李冠衡
S_SXPI,T_Anant Agarwal
S_MITx,T_Anant Agarwal
S_zjfc,T_李燕燕
S_ZAFU,T_李燕燕
S_BNU,T_方德彩
S_KMUSTX,T_刘凤钦
S_NGO20X,T_谢栋
S_TsinghuaX,T_朱恒源
S_chzu,T_张志勇
S_XJTU,T_石志红
S_SHZU,T_李乐
S_SDSNAssociation,T_Joshua Castellino
S_PSFFC,T_程锦
S_CHD,T_申爱琴
S_nxu,T_高力扬
S_PSFFC,T_徐国权
S_SJU,T_张瑞佛
S_xuetangX,T_孙晶
S_TsinghuaX,T_孙晶
S_GZLIS,T_涂文洪
S_TsinghuaX,T_覃川
S_NEU,T_徐燕
S_SXPI,T_成志平
S_JNUX,T_蔡黎雯
S_TSINGHUA,T_程新兵
S_TsinghuaX,T_程新兵
S_TsinghuaX,T_王小宁
S_zjfc,T_李文川
S_ZAFU,T_李文川
S_BNU,T_毛建素
S_BFU,T_祝葵
S_NWPU,T_赵明国
S_TsinghuaX,T_赵明国
S_TsinghuaX,T_程钢
S_MITx,T_J. Kim Vandiver
S_HNU,T_谌立平
S_XJTU,T_李键军
S_NDU,T_徐焰
S_CSU,T_虢毅
S_ZNDX,T_虢毅
S_McGillX,T_John Stix
S_CSU,T_黎明
S_CSU,T_裴奇
S_TsinghuaX,T_季学武
S_BFU,T_魏萍
S_TsinghuaX,T_贺从容
S_CHD,T_郭寅川
S_TsinghuaX,T_徐湛
S_SichuanU,T_高山
S_LUIBE,T_邱瑛
S_SCUEC,T_陈勇杰
S_MITx,T_梁恒
S_TsinghuaX,T_梁恒
S_TsinghuaX,T_罗秀芝
S_KMUSTX,T_刘鑫
S_SCUEC,T_鲍旭辉
S_TsinghuaX,T_吕嵘
S_haust,T_王辉
S_HQU,T_王辉
S_SPI,T_师亚娟
S_SXPI,T_师亚娟
S_TsinghuaX,T_帅松林
S_nxu,T_尤桦
S_TsinghuaX,T_王振民
S_XJTU,T_张军杰
S_JNUX,T_黄良程
S_SXPI,T_何奇彦
S_CMU,T_李冰
S_BNU,T_高嵘
S_HEBUT,T_李艳艳
S_CIE,T_李军
S_SCUT,T_李军
S_TsinghuaX,T_李军
S_TsinghuaX,T_向勇
S_TsinghuaX,T_李国林
S_TsinghuaX,T_刘静
S_JNUX,T_孙立
S_xuetangX,T_刘震
S_教育部在线教育研究中心,T_刘震
S_rcoe,T_刘震
S_TsinghuaXTsinghuaX,T_刘震
S_TsinghuaX,T_刘震
S_BFU,T_薛华
S_BIFT,T_姜延
S_UIR,T_刘跃进
S_TsinghuaX,T_崔保国
S_GZLIS,T_吴士宝
S_TsinghuaX,T_张夫也
S_HNU,T_李勇
S_TsinghuaX,T_李勇
S_JNUX,T_张世君
S_TsinghuaX,T_何建坤
S_NJU,T_骆斌
S_GZLIS,T_郁智宏
S_TsinghuaX,T_崔爱莉
S_MIL,T_李全林
S_GZLIS,T_付香芹
S_TsinghuaX,T_王建民
S_KMUSTX,T_张馨元
S_PSFFC,T_陈思帆
S_WageningenX,T_Sander Kersten
S_KMUSTX,T_柳陈坚
S_PekingX,T_徐海
S_swpu,T_王贵
S_zjfc,T_华根球
S_ZAFU,T_华根球
S_qdu,T_王贞
S_SDSNAssociation,T_Aromar Revi
S_chzu,T_徐志红
S_PPSUC,T_尚秀云
S_McGillX,T_Dr. Ariel Fenster
S_PekingX,T_杨吉春
S_TsinghuaX,T_陈文光
S_BNU,T_王长潇
S_XMU,T_吴春妮
S_TsinghuaX,T_石宗英
S_swpu,T_杨远光
S_SHZU,T_田亮
S_TsinghuaX,T_吴励
S_GZLIS,T_招刚
S_SDSNAssociation,T_Aisha Yousafzai
S_NCTU,T_蒲慕明
S_GZLIS,T_唐雅兰
S_BUCM,T_周芬
S_nxu,T_陈晓艺
S_Stanford,T_Kevin Hsu
S_qhnu,T_吉太加
S_CUPB,T_马新仿
S_BNU,T_刘世梁
S_BFU,T_刘世梁
S_YIT,T_陈晓芳
S_TsinghuaX,T_吴及
S_TsinghuaX,T_赵莉婷
S_BFU,T_董丽
S_TsinghuaX,T_李松蔚
S_PekingX,T_吴立玲
S_GZLIS,T_吴光远
S_MITx,T_高云峰
S_TsinghuaX,T_高云峰
S_GZUCM,T_武夏林
S_TsinghuaX,T_赵伟
S_SPI,T_赵伟
S_TsinghuaX,T_阎琨
S_TsinghuaX,T_李园
S_TsinghuaX,T_雷丽萍
S_TsinghuaX,T_王银银
S_TsinghuaX,T_王盈盈
S_gmc,T_傅晓钟
S_TsinghuaX,T_张国刚
S_HUBU,T_张国刚
S_SCUEC,T_秦子琦
S_TsinghuaX,T_姚强
S_KMUSTX,T_姚强
S_HUBU,T_李婉芝
S_TsinghuaX,T_赵亮
S_YLVTC,T_张学琴
S_SCUT,T_黄嫚丽
S_TsinghuaX,T_吴华强
S_rcoe,T_王帅国
S_TsinghuaX,T_王帅国
S_TsinghuaX,T_邢广军
S_KMUSTX,T_贲进
S_swpu,T_刘厚彬
S_BNU,T_王文周
S_BNU,T_董世魁
S_BFU,T_董世魁
S_BFU,T_刘笑非
S_BUPT,T_闫浩
S_DUT,T_闫浩
S_XAAU,T_元文广
S_TsinghuaX,T_孔鹏
S_imvtc,T_刘仁玲
S_BNU,T_辛明秀
S_SCUEC,T_徐晶
S_zjfc,T_上官敏华
S_ZAFU,T_上官敏华
S_CSU,T_叶湘虹
S_SDSNAssociation,T_Jeffrey D. Sachs
S_NEU,T_桑晓光
S_TsinghuaX,T_曾攀
S_TsinghuaX,T_彭宗超
S_BNU,T_杨青青
S_DYU,T_郑孟玉
S_CIE,T_吴贵生
S_KMUSTX,T_祝敏佳
S_swpu,T_唐欣
S_CHD,T_汪海年
S_CSMZXY,T_秦俭
S_GZLIS,T_黄汝权
S_ACCA,T_Valli Rajagopal
S_MIL,T_宋立炜
S_TsinghuaX,T_郑撼球
S_TsinghuaX,T_李复
S_JXUST,T_叶会亮
S_nku,T_李妍
S_HIT,T_李妍
S_TsinghuaX,T_于玉贞
S_SCU,T_陈群
S_SichuanU,T_陈群
S_BNU,T_徐彩华
S_NUDT,T_张学礼
S_KMUSTX,T_李桂清
S_gztrc,T_李娜
S_NBCCx,T_李娜
S_GZLIS,T_李娜
S_XJTU,T_李娜
S_BNU,T_李娜
S_zjfc,T_张国庆
S_ZAFU,T_张国庆
S_TsinghuaX,T_龙瀛
S_TsinghuaX,T_鲁俐
S_TsinghuaX,T_刘志林
S_MIL,T_李俊虎
S_HUBU,T_黄敬华
S_HBUX,T_黄敬华
S_ZUEL,T_陈军
S_SJU,T_王萍
S_NJU,T_刘鹏
S_BNU,T_陈绂
S_HIT,T_张春晖
S_HNU,T_王萌萌
S_UQx,T_Mark Horswill
S_HRBEU,T_杨建斌
S_HEBUT,T_田汉民
S_CSU,T_吴争春
S_dlmu,T_甘辉兵
S_PSFFC,T_赵石楠
S_TsinghuaX,T_小程序慕课讲师
S_MITx,T_Kelvy Bird
S_TsinghuaX,T_任艳频
S_BNU,T_姜桂萍
S_ysu,T_李大龙
S_SCUT,T_杜晓明
S_PSFFC,T_李宁
S_SPI,T_姚常青
S_SXPI,T_姚常青
S_TsinghuaX,T_彭敏
S_HIT,T_王冰玉
S_HUBU,T_鲍钰文
S_BNU,T_肖向荣
S_BNU,T_任园春
S_BNU,T_孙璞
S_CUC,T_郑志亮
S_gmc,T_马雪
S_zjfc,T_曹长省
S_ZAFU,T_曹长省
S_cqu,T_孙瑞
S_ChongqingUX,T_孙瑞
S_Amazon,T_孙瑞
S_TsinghuaX,T_刘津平
S_NEU,T_霍玉秋
S_TsinghuaX,T_陈永国
S_NCTU,T_陈铿任
S_ysu,T_姜桂荣
S_XAAU,T_高建群
S_CIE,T_彭凯平
S_TsinghuaX,T_彭凯平
S_nxu,T_段玉泉
S_RiceX,T_Reid Whitaker
S_CUPB,T_曹培强
S_CUP,T_曹培强
S_CSU,T_刘勇为
S_ACCA,T_Jayne Howson
S_XJTU,T_吴宁
S_TsinghuaX,T_吴宁
S_SEU,T_王步高
S_TsinghuaX,T_王步高
S_KMUSTX,T_王裕森
S_CUPB,T_方凤玲
S_CUP,T_方凤玲
S_SJU,T_陆宁
S_SJU,T_李芳宇
S_HUBU,T_陶缨
S_GZLIS,T_李延
S_FAFU,T_李延
S_TsinghuaX,T_梁君健
S_TsinghuaX,T_孙利群
S_HEBNU,T_郭际
S_TsinghuaX,T_李成银
S_TsinghuaX,T_宗瑞隆
S_TsinghuaX,T_彭林
S_JNU,T_李从东
S_HUBU,T_谌雨章
S_HBUX,T_谌雨章
S_MUC,T_朱靖江
S_YLVTC,T_党养性
S_ZUEL,T_张世如
S_SXPI,T_Gerald Sussman
S_MITx,T_Gerald Sussman
S_JNU,T_李怡芳
S_xuetangX,T_李强
S_TsinghuaX,T_李强
S_NEU,T_徐君莉
S_BIT,T_薛庆
S_CSU,T_史静琤
S_TsinghuaX,T_刘小冰
S_XMU,T_黄湘晖
S_WUT,T_石兵
S_HNU,T_柳肃
S_cqu,T_李曼曼
S_CQUX,T_李曼曼
S_NEU,T_孙宏滨
S_TsinghuaX,T_王志
S_xuetangX,T_翁贺凯
S_TsinghuaX,T_翁贺凯
S_TsinghuaX,T_刘惠芬
S_swpu,T_康毅力
S_CIE,T_李纪珍
S_TsinghuaX,T_李纪珍
S_swpu,T_曾德智
S_CIE,T_杨歌
S_TsinghuaX,T_杨歌
S_NEU,T_张爽
S_ysu,T_胡林敏
S_SDUx,T_秦静
S_FAFU,T_赖淑芳
S_BNU,T_张燕
S_nxu,T_潘洁
S_HIT,T_关亚军
S_TsinghuaX,T_袁博
S_SCUT,T_袁华
S_KMUSTX,T_王嫦丽
S_NEU,T_韩义德
S_TJUFE,T_纪方
S_BFU,T_陈玉珍
S_SXPI,T_Tania Khanna
S_MITx,T_Tania Khanna
S_XJTU,T_邢丽丽
S_MIL,T_胡红利
S_CHD,T_刘亚敏
S_HUBU,T_常言
S_MUC,T_汪立珍
S_TsinghuaX,T_邓焱
S_GZLIS,T_王晓艳
S_ysu,T_王巍
S_CCI,T_沈雳
S_TsinghuaX,T_黄裕生
S_ZUELX,T_王清刚
S_TsinghuaX,T_李玉兰
S_TsinghuaX,T_洪珊
S_CSU,T_罗自强
S_PSFFC,T_戴丹妮
S_TsinghuaX,T_杨国华
S_BIFT,T_丁雅琼
S_TsinghuaX,T_王希勤
S_NBCC,T_姜轩
S_XJTU,T_孙俊毅
S_NUDT,T_李慧辉
S_TSINGHUA,T_王媛
S_TsinghuaX,T_王媛
S_zjfc,T_洪琳
S_ZAFU,T_洪琳
S_TsinghuaX,T_马东
S_imvtc,T_张晨霞
S_TsinghuaX,T_王正伟
S_JNU,T_钟瑞栋
S_HLJUX,T_李思远
S_HLJU,T_李思远
S_gztrc,T_邱世兵
S_UQx,T_Emma MacKenzie
S_ACCA,T_ Barry Walsh
S_ACCA_X,T_ Barry Walsh
S_XJTU,T_曹瑞军
S_XJTU,T_崔晓
S_SichuanU,T_霍巍
S_TsinghuaX,T_郝吉明
S_RiceX,T_Jason H. Hafner
S_TsinghuaX,T_贺克斌
S_SCUEC,T_田晓红
S_BNU,T_黄晓琴
S_JNU,T_吴菁
S_ZUEL,T_魏永长
S_TsinghuaX,T_许斌
S_PPSUC,T_景绒
S_HEBNU,T_刘彩霞
S_TsinghuaX,T_陶阳宇
S_PSFFC,T_赵陈飞
S_swpu,T_王国华
S_CSU,T_吴尚洁
S_ZNDX,T_吴尚洁
S_TsinghuaX,T_聂冰冰
S_GZLIS,T_许昌
S_TsinghuaX,T_李玉和
S_HAUT,T_刁小琼
S_KMUSTX,T_杨雪果
S_HQU,T_马华祥
S_HQU,T_胡国鹏
S_BNU,T_于丹
S_MITx,T_Dayna Cunningham
S_SXPI,T_杨涛
S_TsinghuaX,T_李丹勋
S_ACCA,T_Linsey Taylor
S_JNU,T_杨维东
S_swpu,T_杨谋
S_TsinghuaX,T_周燕珉
S_BNU,T_王宜文
S_xuetangX,T_何雪冰
S_TsinghuaX,T_何雪冰
S_HEBUT,T_关鹰
S_rcoe,T_张瑜
S_TsinghuaX,T_张瑜
S_XJTU,T_初阔林
S_HNU,T_易丙兰
S_CSU,T_熊鲲
S_sict,T_周倩
S_KMUSTX,T_李江玲
S_GDUT,T_郭佳
S_CSU,T_程岩
S_MicrosoftX,T_洪小文
S_LUIBE,T_ 高春倩
S_GZHU,T_张琳
S_LUIBE,T_张琦
S_HUBU,T_张琦
S_BNU,T_陈蒨蒨
S_KMUSTX,T_胡觉
S_CMU,T_黄晓婕
S_CSU,T_黄菊芳
S_GZHU,T_邹宇
S_XJTU,T_杨扬
S_TsinghuaX,T_杨扬
S_TSINGHUA,T_仲伟民
S_TsinghuaX,T_仲伟民
S_rcoe,T_于世洁
S_TsinghuaX,T_朱荣斌
S_GZUCM,T_王君卿
S_CSU,T_何海伦
S_HNU,T_曲达
S_ysu,T_贾春玉
S_PasteurX,T_Howard Takiff
S_CIE,T_张金生
S_TsinghuaX,T_张金生
S_HIT,T_张金生
S_XIYOU,T_王春梅
S_CSU,T_袁腊梅
S_ZNDX,T_袁腊梅
S_TsinghuaX,T_秦大河
S_CSU,T_严俊霞
S_TsinghuaX,T_安颖莲
S_TsinghuaX,T_邓国胜
S_FJTCM,T_杨雪梅
S_TsinghuaX,T_张秋
S_XAAU,T_徐芳
S_GZLIS,T_吴谦
S_CSU,T_刘伟
S_GIT,T_刘伟
S_YIT,T_邵芬红
S_TsinghuaX,T_孙宏斌
S_JNU,T_邹奕
S_FZXY,T_白相东
S_BTBU,T_李杨
S_TsinghuaX,T_钟宜生
S_TsinghuaX,T_乔林
S_KMUSTX,T_许炳梁
S_TsinghuaX,T_刘昭伟
S_KMUSTX,T_杨恩
S_CUPB,T_杨关玲子
S_CUP,T_杨关玲子
S_TsinghuaX,T_葛惟昆
S_YAU,T_房博
S_SXPI,T_张顺星
S_SPI,T_张顺星
S_TsinghuaX,T_吕孝礼
S_TsinghuaX,T_曹彬
S_TsinghuaX,T_吕舟
S_TsinghuaX,T_吕舟
S_xuetangX,T_肖星
S_CIE,T_肖星
S_教育部在线教育研究中心,T_肖星
S_rcoe,T_肖星
S_TsinghuaXTsinghuaX,T_肖星
S_TsinghuaX,T_肖星
S_Sunlands,T_肖星
S_VPC_TsinghuaX,T_肖星
S_NCTU,T_李大伟
S_gztrc,T_刘丹
S_TSINGHUA,T_刘丹
S_XJTU,T_刘丹
S_TsinghuaX,T_刘丹
S_ysu,T_朱虹
S_CMU,T_黄晶
S_BSU,T_王亚莹
S_SJU,T_王唯
S_PSFFC,T_赵谢元
S_PekingX,T_王志稳
S_BTBU,T_王勇
S_TsinghuaX,T_仇斌
S_BSU,T_王祁雅莉
S_TsinghuaX,T_张羽
S_nxu,T_杨易
S_BNU,T_成卫东
S_LUIBE,T_邱淑红
S_KMUSTX,T_陈壮飞
S_NJU,T_孙乐强
S_TsinghuaX,T_陈信义
S_CIE,T_田雨
S_Sunlands,T_田雨
S_PSFFC,T_杨晨
S_TsinghuaX,T_杨晶
S_AdelaideX,T_Kerry Wilkinson
S_TsinghuaX,T_王刚
S_swpu,T_范翔宇
S_SHZU,T_罗兰
S_TSINGHUA,T_林佳
S_TsinghuaX,T_林佳
S_CSU,T_刘雁书
S_ZNDX,T_刘雁书
S_cqu,T_刘琼荪
S_CQUX,T_刘琼荪
S_xuetangX,T_于歆杰
S_教育部在线教育研究中心,T_于歆杰
S_rcoe,T_于歆杰
S_TsinghuaXTsinghuaX,T_于歆杰
S_TsinghuaX,T_于歆杰
S_TsinghuaX,T_袁崇义
S_FZXY,T_黄静宜
S_XIYOU,T_初建玮
S_CSU,T_柴湘平
S_ZNDX,T_柴湘平
S_TsinghuaX,T_冯琳
S_TsinghuaX,T_赵文博
S_GIT,T_钟普光
S_MITx,T_Adam Yukelson
S_qdu,T_傅强
S_ZUEL,T_赵一帆
S_XJTU,T_申丁
S_TsinghuaX,T_孙红三
S_SHZU,T_唐辉
S_TsinghuaX,T_李超
S_AFEU,T_李超
S_MIL,T_何兆祥
S_TsinghuaX,T_李越
S_TsinghuaX,T_白宏炜
S_UST,T_宋以胜
S_TsinghuaX,T_赵世敏
S_BNU,T_卢忠林
S_HUBU,T_黄秋安
S_HBUX,T_黄秋安
S_TsinghuaX,T_贾珺
S_CIE,T_高建
S_TsinghuaX,T_高建
S_CSU,T_曾小敏
S_NUDT,T_赵青松
S_TsinghuaX,T_罗勇
S_TsinghuaX,T_文雯
S_XMU,T_许丽璇
S_TCIS,T_杜玉芳
S_JXUST,T_潘小青
S_swpu,T_白杨
S_CUC,T_吴炜华
S_EST,T_王子斌
S_TsinghuaX,T_王凌
S_KMUSTX,T_王凌
S_TsinghuaX,T_谢职安
S_BNU,T_宁欣
S_XJTU,T_刘亚
S_sict,T_王军
S_NEU,T_王军
S_ZUEL,T_孙知子
S_TsinghuaX,T_何  菁
S_GIT,T_陈燕秀
S_TsinghuaX,T_罗键霆
S_ZUEL,T_陈方宇
S_TsinghuaX,T_王仲
S_gztrc,T_于慧慧
S_EST,T_赖小红
S_gmc,T_石明隽
S_UIR,T_李文良
S_TsinghuaX,T_帅石金
S_BNU,T_步延新
S_NJU,T_张亮
S_swpu,T_蒲晓林
S_CSU,T_马婧
S_CSU,T_丁宗烽
S_PekingX,T_吴雪
S_NBCCx,T_初晓恒
S_TsinghuaX,T_王书肖
S_CUPB,T_马郑玮
S_cqu,T_吴静
S_CSU,T_吴静
S_CSMZXY,T_易谨
S_XYSFXY,T_祝婕
S_UESTC,T_陆鑫
S_TsinghuaX,T_秦佑国
S_cqu,T_宋沁蓓
S_KMUSTX,T_鲁思兆
S_TsinghuaX,T_黄蔚欣
S_TsinghuaX,T_叶富贵
S_LUIBE,T_金晓丹
S_TsinghuaX,T_林健
S_SXPI,T_蒋超
S_SPI,T_蒋超
S_HLJUX,T_任梦一
S_HLJU,T_任梦一
S_AdelaideX,T_Rachel Gibson
S_TsinghuaX,T_刘燕妮
S_WUST,T_周运兰
S_FAFU,T_刘新玲
S_XJTU,T_闫忠林
S_BNU,T_王忠良
S_HAUT,T_杨亮茹
S_BSU,T_郭娴
S_MIL,T_张惟
S_GZLIS,T_何仲宇
S_HNU,T_舒远招
S_TsinghuaX,T_沈博阳
S_HNU,T_刘光斌
S_HNU,T_侯德泉
S_qdu,T_吴新燕
S_PSFFC,T_杨秸
S_RiceX,T_Anthony Pinn
S_MITx,T_Lili Xu Brandt
S_BNU,T_甄志平
S_TsinghuaX,T_张林琦
S_BNU,T_陈一冰
S_HNU,T_夏泽宏
S_TsinghuaX,T_樊中恺
S_TsinghuaX,T_冯涓
S_IMUN,T_于东新
S_TsinghuaX,T_刘文武
S_CSU,T_邓昊
S_ZNDX,T_邓昊
S_SXPI,T_杨红
S_TsinghuaX,T_高风
S_ZUEL,T_文豪
S_GZLIS,T_胡艳微
S_RiceX,T_Alma Moon Novotny
S_HEBNU,T_李铮
S_NEU,T_李铮
S_swpu,T_张杰
S_KMUSTX,T_张继虹
S_TsinghuaX,T_郑毓煌
S_Sunlands,T_郑毓煌
S_FAFU,T_童谨
S_nxu,T_邓文韬
S_KMUSTX,T_常丹丹
S_SXPI,T_Piotr Mitros
S_MITx,T_Piotr Mitros
S_KMUSTX,T_张利华
S_TSINGHUA,T_ 邬晓钧
S_TsinghuaX,T_ 邬晓钧
S_gztrc,T_杨晓潜
S_UST,T_沈鑫剡
S_shsmu,T_章雅青
S_TsinghuaX,T_夏清
S_XAAU,T_刘华阳
S_swpu,T_张智
S_TsinghuaX,T_张智
S_SCUEC,T_胡鑫
S_FAFU,T_于峰
S_gmc,T_李月婷
S_JNUX,T_张元标
S_CSU,T_侯先绒
S_AdelaideX,T_Mario Ricci
S_TsinghuaX,T_张春
S_FAFU,T_殷光文
S_ZZU,T_王士祥
S_SJU,T_刘英啸
S_PSFFC,T_张旸
S_BNU,T_范楼珍
S_GZHU,T_张文
S_SXPI,T_赵利娟
S_CHD,T_马峰
S_TsinghuaX,T_胡鞍钢
S_TsinghuaX,T_李雪
S_CSU,T_李家大
S_KMUSTX,T_任朝迎
S_NJU,T_葛季栋
S_TsinghuaX,T_曹良才
S_TsinghuaX,T_金文恺
S_YAU,T_陈媛媛
S_WUST,T_李正旺
S_BNU,T_江怡
S_BNU,T_江怡
S_CMU,T_梁连春
S_UQx,T_Rajiv Bhalla
S_TsinghuaX,T_王晓阳
S_SCUT,T_杨俊荣
S_cqu,T_刘勇
S_NWPU,T_刘勇
S_HUBU,T_刘勇
S_BTBU,T_刘勇
S_xuetangX,T_马昱春
S_教育部在线教育研究中心,T_马昱春
S_rcoe,T_马昱春
S_TsinghuaX,T_马昱春
S_TsinghuaXTsinghuaX,T_马昱春
S_TsinghuaX,T_刘力
S_BNU,T_邢国文
S_BFU,T_李华晶
S_GZHU,T_张景中
S_TsinghuaX,T_路新瀛
S_TsinghuaX,T_张小琴
S_NBCC,T_吴青青
S_XJTU,T_刘玉青
S_TsinghuaX,T_郝振平
S_CUPB,T_郝洪
S_TsinghuaX,T_杨永恒
S_TsinghuaX,T_常智杰
S_CSU,T_李飞
S_YAU,T_李飞
S_ZJFF,T_戴炯
S_BNU,T_门毅
S_ACCA,T_Tara Askham
S_ACCA_X,T_Tara Askham
S_KMUSTX,T_杨玉
S_swpu,T_孟英峰
S_TsinghuaX,T_周云
S_MITx,T_Julie Arts
S_gmc,T_肖瑛
S_PSFFC,T_杨玲
S_UQx,T_Ian Brereton
S_HUBU,T_赵丽娅
S_KMUSTX,T_廖春兰
S_ACCA,T_Barry Walsh
S_BNU,T_任晟姝
S_TsinghuaX,T_朱钧
S_CSU,T_周价
S_xuetangX,T_孙葆丽
S_BSU,T_孙葆丽
S_TsinghuaX,T_孙葆丽
S_CSU,T_陈燕
S_XIYOU,T_陈燕
S_ZNDX,T_陈燕
S_TsinghuaX,T_赵千川
S_gmc,T_郭兵
S_SJU,T_马卉
S_TsinghuaX,T_朱效梅
S_CSU,T_周湘莲
S_zjfc,T_王志根
S_ZAFU,T_王志根
S_UQx,T_Stuart Phinn
S_HBPU,T_祁文青
S_CUP,T_吴志杰
S_HAUT,T_董振华
S_TCIS,T_李勇刚
S_xuetangX,T_高阳
S_TsinghuaX,T_高阳
S_swpu,T_徐璧华
S_CSU,T_陈雅琴
S_ZNDX,T_陈雅琴
S_SCUT,T_蓝海林
S_MUC,T_李鸿宾
S_SXPI,T_郭变
S_SPI,T_郭变
S_TsinghuaX,T_Reinhart Poprawe
S_JinanX,T_彭小川
S_JNUX,T_彭小川
S_BIFT,T_马凯
S_TsinghuaX,T_ 贺从容
S_HUBU,T_代方梅
S_BFU,T_赵宏飞
S_WageningenX,T_要明天
S_TsinghuaX,T_谢慧艳
S_TsinghuaX,T_张跃伟
S_KMUSTX,T_童茜
S_swpu,T_何世明
S_YLVTC,T_杜璨
S_BNU,T_王阳文
S_SCUT,T_方利国
S_HNU,T_阳桂红
S_TsinghuaX,T_吴晓敏
S_UST,T_钱万正
S_NCTU,T_Barbara Oakley
S_BNU,T_武萌
S_HEBUT,T_刘淑英
S_SXPI,T_陆颖
S_CSU,T_刘爱忠
S_swpu,T_郭昭学
S_HNU,T_黄令坦
S_HQU,T_薛秀军
S_GXUST,T_唐培和
S_BNU,T_苏荣海
S_TSINGHUA,T_袁佐
S_TsinghuaX,T_袁佐
S_MITx,T_Lawrence Susskind
S_MIT_SLT_Lab,T_Lawrence Susskind
S_PSFFC,T_张涛
S_TsinghuaX,T_张涛
S_swpu,T_李早元
S_swpu,T_李黔
S_BNU,T_李笋南
S_TsinghuaX,T_张建伟
S_NEU,T_刘沿东
S_cqu,T_张洁
S_YAU,T_张洁
S_BurgundyX,T_Marielle ADRIAN
S_chzu,T_赵生慧
S_SWU,T_汤永隆
S_TsinghuaX,T_牟鹏
S_ZUEL,T_李昱哲
S_HLJUX,T_刘娜
S_nxu,T_刘娜
S_CIE,T_林嵩
S_ACCA,T_Josie Adams
S_SXPI,T_齐文庆
S_SPI,T_齐文庆
S_NGO20X,T_王瑾
S_ysu,T_姚春东
S_gmc,T_杨畅
S_HEBUT,T_牟玲玲
S_HEBNU,T_赵立志
S_HEBUT,T_武一
S_LZU,T_唐秀华
S_TsinghuaX,T_郭宇航
S_MicrosoftX,T_张洪宇
S_UQx,T_Graham Galloway
S_nxu,T_杜建录
S_CMU,T_程香普
S_HUBU,T_李悦
S_ZJFF,T_郑贻瑜
S_TsinghuaX,T_徐帆
S_BNU,T_胡惕
S_xuetangX,T_李佳宝
S_BSU,T_李佳宝
S_TsinghuaX,T_李佳宝
S_BFU,T_李慧
S_cqu,T_傅蕴英
S_TsinghuaX,T_朱波
S_GZHU,T_饶永生
S_imvtc,T_马维华
S_TsinghuaX,T_万俊人
S_TsinghuaX,T_巩前明
S_TsinghuaX,T_Kamlesh Patel
S_SCUT,T_吕建明
S_FJTCM,T_梅之凌
S_TSINGHUA,T_邹婷婷
S_TsinghuaX,T_邹婷婷
S_gmc,T_肖婷婷
S_BIT,T_李英兰
S_TsinghuaX,T_沈瑜
S_CSMZXY,T_张量
S_TsinghuaX,T_聂梅生
S_TsinghuaX,T_徐文杰
S_TsinghuaX,T_葛亚非
S_PSFFC,T_李炳涛
S_BNU,T_唐怡
S_TsinghuaX,T_汪晖
S_TsinghuaX,T_寇会忠
S_WUST,T_董永辉
S_dlmu,T_戚发勇
S_TsinghuaX,T_鲁白
S_GIT,T_杜永强
S_CUPB,T_杨棉之
S_TsinghuaX,T_朱桂萍
S_TsinghuaX,T_冯骁
S_gmc,T_张吉泉
S_SCUT,T_梁勇
S_LUIBE,T_丁晓茜
S_TsinghuaX,T_付华
S_GIT,T_施文洁
S_sict,T_李淑娟
S_SXPI,T_方小艳
S_TsinghuaX,T_陈永湘
S_BNU,T_马俊伟
S_PSFFC,T_郝廷柱
S_GIT,T_郭华华
S_BNU,T_连宏萍
S_BNU,T_何莉
S_xust,T_张静
S_HEBUT,T_张静
S_SJU,T_张静
S_NCU,T_张静
S_NJU,T_邵佳德
S_TSINGHUA,T_张靖
S_TsinghuaX,T_张靖
S_BNU,T_张靓
S_PSFFC,T_余青原
S_gztrc,T_杨秀琴
S_SCUT,T_邓雪
S_NEU,T_张霞
S_CCI,T_王建安
S_nxu,T_牛伊凡
S_YLVTC,T_秦静远
S_CUC,T_付晓光
S_UQx,T_Andrew Janke
S_NDU,T_邵志平
S_CSU,T_邓静
S_HIT,T_艾文国
S_TsinghuaX,T_李旺
S_TSINGHUA,T_胡摇
S_TsinghuaX,T_胡摇
S_SHZU,T_韩博
S_TW,T_李方
S_swpu,T_李方
S_ustc,T_刘贵学
S_UQx,T_Sophie Dove
S_XJTU,T_魏琳
S_TsinghuaX,T_武永卫
S_TsinghuaX,T_李海涛
S_edX,T_Raphael Valenti
S_snnu,T_赵颖
S_TsinghuaX,T_赵颖
S_SXPI,T_杨卫军
S_BFU,T_范婷婷
S_TsinghuaX,T_王晓朝
S_CUPB,T_张士诚
S_TsinghuaX,T_李春
S_YNNU,T_李春
S_NBCC,T_李昊
S_HEBUT,T_张润利
S_JNU,T_吕广庆
S_SXPI,T_高汝林
S_HAUT,T_肖咏梅
S_TsinghuaX,T_聂鑫
S_TsinghuaX,T_黄利平
S_UST,T_李杰
S_TsinghuaX,T_李杰
S_CSU,T_谭红专
S_KMUSTX,T_唐敏
S_MITx,T_Otto Scharmer
S_gztrc,T_谢全霞
S_TsinghuaX,T_李  淼
S_gmc,T_韩冰
S_nxu,T_罗海霞
S_MIL,T_谢梦云
S_HRBEU,T_牟群鹏
S_TSINGHUA,T_赵军平
S_TsinghuaX,T_赵军平
S_TsinghuaX,T_黄震春
S_LUIBE,T_高欣
S_TsinghuaX,T_蒋硕
S_NEU,T_杨景帅
S_PPSUC,T_靳高风
S_rcoe,T_郭文革
S_FJTCM,T_黄至辉
S_PSFFC,T_李海江
S_UQx,T_Damion Stimson
S_gztrc,T_白辉
S_TsinghuaX,T_伍晓明
S_GZUCM,T_潘晓菁
S_EST,T_金卫
S_PSFFC,T_郭钦元
S_TCIS,T_王建均
S_TsinghuaX,T_刘亚辉
S_xuetangX,T_杨芳
S_rcoe,T_杨芳
S_UC_BerkeleyX,T_杨芳
S_TsinghuaX,T_杨芳
S_PSFFC,T_范文恺
S_NUDT,T_豆亚杰
S_PPSUC,T_王淑合
S_CSMZXY,T_曹蕾
S_CSU,T_邢晓为
S_SXPI,T_张小洁
S_SPI,T_张小洁
S_BNU,T_刘正平
S_qdu,T_杨艳
S_TsinghuaX,T_管晓宏
